mysql> CREATE DATABASE  address_book_service;
Query OK, 1 row affected (0.00 sec)

mysql> use address_book_service
Database changed
mysql> SELECT DATABASE();
+----------------------+
| DATABASE()           |
+----------------------+
| address_book_service |
+----------------------+
1 row in set (0.00 sec)
mysql> CREATE TABLE address_book(id INT unsigned NOT NULL AUTO_INCREMENT, first_name VARCHAR(50) NOT NULL, last_name VARCHAR(50) NOT NULL, address VARCHAR(200), city VARCHAR(30), state VARCHAR(30), zip INT unsigned, phone_number LONG, email VARCHAR(320), PRIMARY KEY (id));
Query OK, 0 rows affected (0.02 sec)

mysql> DESCRIBE address_book;
+--------------+--------------+------+-----+---------+----------------+
| Field        | Type         | Null | Key | Default | Extra          |
+--------------+--------------+------+-----+---------+----------------+
| id           | int unsigned | NO   | PRI | NULL    | auto_increment |
| first_name   | varchar(50)  | NO   |     | NULL    |                |
| last_name    | varchar(50)  | NO   |     | NULL    |                |
| address      | varchar(200) | YES  |     | NULL    |                |
| city         | varchar(30)  | YES  |     | NULL    |                |
| state        | varchar(30)  | YES  |     | NULL    |                |
| zip          | int unsigned | YES  |     | NULL    |                |
| phone_number | mediumtext   | YES  |     | NULL    |                |
| email        | varchar(320) | YES  |     | NULL    |                |
+--------------+--------------+------+-----+---------+----------------+
9 rows in set (0.01 sec)
mysql> INSERT INTO address_book VALUE(1,"Rajat","S P","2nd Cross, HosaRoad","Bangalore","KARNATAKA",560100,8934267543,"raj@gmail.com");
Query OK, 1 row affected (0.01 sec)

mysql> SELECT * FROM address_book;
+----+------------+-----------+---------------------+-----------+-----------+--------+--------------+---------------+
| id | first_name | last_name | address             | city      | state     | zip    | phone_number | email         |
+----+------------+-----------+---------------------+-----------+-----------+--------+--------------+---------------+
|  1 | Rajat      | S P       | 2nd Cross, HosaRoad | Bangalore | KARNATAKA | 560100 | 8934267543   | raj@gmail.com |
+----+------------+-----------+---------------------+-----------+-----------+--------+--------------+---------------+
1 row in set (0.01 sec)

mysql> INSERT INTO address_book (first_name, last_name, address, city, state, zip, phone_number, email) VALUES ("Pradeep","Nayar","2nd Cross, Yelahanka","Bangalore","KARNATAKA",562130,8434227543,"pradeep@gmail.com"),("Anjali","Verma","5th Cross, Malleshwaram","Bangalore","Karnataka",730160,8937126754,"anjaliverma@gmail.com"),("Hemanth","Kumar","2nd Street, Andheri","Mumbai","Maharashtra",530160,8937856774,"hemanthk@gmail.com");
Query OK, 3 rows affected (0.00 sec)
Records: 3  Duplicates: 0  Warnings: 0

mysql> SELECT * FROM address_book;
+----+------------+-----------+-------------------------+-----------+-------------+--------+--------------+-----------------------+
| id | first_name | last_name | address                 | city      | state       | zip    | phone_number | email                 |
+----+------------+-----------+-------------------------+-----------+-------------+--------+--------------+-----------------------+
|  1 | Rajat      | S P       | 2nd Cross, HosaRoad     | Bangalore | KARNATAKA   | 560100 | 8934267543   | raj@gmail.com         |
|  2 | Pradeep    | Nayar     | 2nd Cross, Yelahanka    | Bangalore | KARNATAKA   | 562130 | 8434227543   | pradeep@gmail.com     |
|  3 | Anjali     | Verma     | 5th Cross, Malleshwaram | Bangalore | Karnataka   | 730160 | 8937126754   | anjaliverma@gmail.com |
|  4 | Hemanth    | Kumar     | 2nd Street, Andheri     | Mumbai    | Maharashtra | 530160 | 8937856774   | hemanthk@gmail.com    |
+----+------------+-----------+-------------------------+-----------+-------------+--------+--------------+-----------------------+
4 rows in set (0.00 sec)

mysql>
mysql> UPDATE address_book SET zip = 560213 WHERE first_name = "Pradeep" AND last_name = "Nayar";
Query OK, 1 row affected (0.01 sec)
Rows matched: 1  Changed: 1  Warnings: 0

mysql> SELECT * FROM address_book;
+----+------------+-----------+-------------------------+-----------+-------------+--------+--------------+-----------------------+
| id | first_name | last_name | address                 | city      | state       | zip    | phone_number | email                 |
+----+------------+-----------+-------------------------+-----------+-------------+--------+--------------+-----------------------+
|  1 | Rajat      | S P       | 2nd Cross, HosaRoad     | Bangalore | KARNATAKA   | 560100 | 8934267543   | raj@gmail.com         |
|  2 | Pradeep    | Nayar     | 2nd Cross, Yelahanka    | Bangalore | KARNATAKA   | 560213 | 8434227543   | pradeep@gmail.com     |
|  3 | Anjali     | Verma     | 5th Cross, Malleshwaram | Bangalore | Karnataka   | 730160 | 8937126754   | anjaliverma@gmail.com |
|  4 | Hemanth    | Kumar     | 2nd Street, Andheri     | Mumbai    | Maharashtra | 530160 | 8937856774   | hemanthk@gmail.com    |
+----+------------+-----------+-------------------------+-----------+-------------+--------+--------------+-----------------------+
4 rows in set (0.00 sec)
mysql> DELETE  FROM  address_book WHERE first_name = "Pradeep" AND last_name = "Nayar";
Query OK, 1 row affected (0.00 sec)

mysql> SELECT * FROM address_book;
+----+------------+-----------+-------------------------+-----------+-------------+--------+--------------+-----------------------+
| id | first_name | last_name | address                 | city      | state       | zip    | phone_number | email                 |
+----+------------+-----------+-------------------------+-----------+-------------+--------+--------------+-----------------------+
|  1 | Rajat      | S P       | 2nd Cross, HosaRoad     | Bangalore | KARNATAKA   | 560100 | 8934267543   | raj@gmail.com         |
|  3 | Anjali     | Verma     | 5th Cross, Malleshwaram | Bangalore | Karnataka   | 730160 | 8937126754   | anjaliverma@gmail.com |
|  4 | Hemanth    | Kumar     | 2nd Street, Andheri     | Mumbai    | Maharashtra | 530160 | 8937856774   | hemanthk@gmail.com    |
+----+------------+-----------+-------------------------+-----------+-------------+--------+--------------+-----------------------+
3 rows in set (0.00 sec)

mysql> SELECT first_name , last_name , city FROM address_book WHERE CITY = "Bangalore";
+------------+-----------+-----------+
| first_name | last_name | city      |
+------------+-----------+-----------+
| Rajat      | S P       | Bangalore |
| Anjali     | Verma     | Bangalore |
+------------+-----------+-----------+
2 rows in set (0.00 sec)

mysql> SELECT first_name , last_name , city, state FROM address_book WHERE state = "Karnataka";
+------------+-----------+-----------+-----------+
| first_name | last_name | city      | state     |
+------------+-----------+-----------+-----------+
| Rajat      | S P       | Bangalore | KARNATAKA |
| Anjali     | Verma     | Bangalore | Karnataka |
+------------+-----------+-----------+-----------+
2 rows in set (0.00 sec)

mysql> SELECT COUNT(*) FROM address_book WHERE city = "Bangalore" and state = "Karnataka";
+----------+
| COUNT(*) |
+----------+
|        2 |
+----------+
1 row in set (0.00 sec)
mysql> SELECT * FROM address_book WHERE city = "Bangalore" ORDER BY first_name, last_name;
+----+------------+-----------+-------------------------+-----------+-----------+--------+--------------+-----------------------+
| id | first_name | last_name | address                 | city      | state     | zip    | phone_number | email                 |
+----+------------+-----------+-------------------------+-----------+-----------+--------+--------------+-----------------------+
|  3 | Anjali     | Verma     | 5th Cross, Malleshwaram | Bangalore | Karnataka | 730160 | 8937126754   | anjaliverma@gmail.com |
|  1 | Rajat      | S P       | 2nd Cross, HosaRoad     | Bangalore | KARNATAKA | 560100 | 8934267543   | raj@gmail.com         |
+----+------------+-----------+-------------------------+-----------+-----------+--------+--------------+-----------------------+
2 rows in set (0.00 sec)

mysql> ALTER TABLE address_book ADD (name VARCHAR(30), type VARCHAR(20));
Query OK, 0 rows affected (0.01 sec)
Records: 0  Duplicates: 0  Warnings: 0

mysql> DESCRIBE address_book;
+--------------+--------------+------+-----+---------+----------------+
| Field        | Type         | Null | Key | Default | Extra          |
+--------------+--------------+------+-----+---------+----------------+
| id           | int unsigned | NO   | PRI | NULL    | auto_increment |
| first_name   | varchar(50)  | NO   |     | NULL    |                |
| last_name    | varchar(50)  | NO   |     | NULL    |                |
| address      | varchar(200) | YES  |     | NULL    |                |
| city         | varchar(30)  | YES  |     | NULL    |                |
| state        | varchar(30)  | YES  |     | NULL    |                |
| zip          | int unsigned | YES  |     | NULL    |                |
| phone_number | mediumtext   | YES  |     | NULL    |                |
| email        | varchar(320) | YES  |     | NULL    |                |
| name         | varchar(30)  | YES  |     | NULL    |                |
| type         | varchar(20)  | YES  |     | NULL    |                |
+--------------+--------------+------+-----+---------+----------------+
11 rows in set (0.00 sec)

mysql> UPDATE address_book SET name = "Book2", type = "Profession" WHERE city = "Mumbai";
Query OK, 1 row affected (0.00 sec)
Rows matched: 1  Changed: 1  Warnings: 0

mysql> UPDATE address_book SET name = "Book1", type = "Friends" WHERE city = "Bangalore";
Query OK, 2 rows affected (0.01 sec)
Rows matched: 2  Changed: 2  Warnings: 0

mysql> SELECT * FROM address_book;
+----+------------+-----------+-------------------------+-----------+-------------+--------+--------------+-----------------------+-------+------------+
| id | first_name | last_name | address                 | city      | state       | zip    | phone_number | email                 | name  | type       |
+----+------------+-----------+-------------------------+-----------+-------------+--------+--------------+-----------------------+-------+------------+
|  1 | Rajat      | S P       | 2nd Cross, HosaRoad     | Bangalore | KARNATAKA   | 560100 | 8934267543   | raj@gmail.com         | Book1 | Friends    |
|  3 | Anjali     | Verma     | 5th Cross, Malleshwaram | Bangalore | Karnataka   | 730160 | 8937126754   | anjaliverma@gmail.com | Book1 | Friends    |
|  4 | Hemanth    | Kumar     | 2nd Street, Andheri     | Mumbai    | Maharashtra | 530160 | 8937856774   | hemanthk@gmail.com    | Book2 | Profession |
+----+------------+-----------+-------------------------+-----------+-------------+--------+--------------+-----------------------+-------+------------+
3 rows in set (0.00 sec)
mysql> SELECT COUNT(*),type FROM address_book GROUP BY (type);
+----------+------------+
| COUNT(*) | type       |
+----------+------------+
|        2 | Friends    |
|        1 | Profession |
+----------+------------+
2 rows in set (0.00 sec)
mysql> INSERT INTO address_book (first_name, last_name, address, city, state, zip, phone_number, email,name,type) VALUES ("Rajat","S P","2nd Cross, HosaRoad", "Bangalore", "KARNATAKA", 560100, 8934267543, "raj@gmail.com", "Book1", "Family");
Query OK, 1 row affected (0.00 sec)

mysql> SELECT * FROM address_book;
+----+------------+-----------+-------------------------+-----------+-------------+--------+--------------+-----------------------+-------+------------+
| id | first_name | last_name | address                 | city      | state       | zip    | phone_number | email                 | name  | type       |
+----+------------+-----------+-------------------------+-----------+-------------+--------+--------------+-----------------------+-------+------------+
|  1 | Rajat      | S P       | 2nd Cross, HosaRoad     | Bangalore | KARNATAKA   | 560100 | 8934267543   | raj@gmail.com         | Book1 | Friends    |
|  3 | Anjali     | Verma     | 5th Cross, Malleshwaram | Bangalore | Karnataka   | 730160 | 8937126754   | anjaliverma@gmail.com | Book1 | Friends    |
|  4 | Hemanth    | Kumar     | 2nd Street, Andheri     | Mumbai    | Maharashtra | 530160 | 8937856774   | hemanthk@gmail.com    | Book2 | Profession |
|  5 | Rajat      | S P       | 2nd Cross, HosaRoad     | Bangalore | KARNATAKA   | 560100 | 8934267543   | raj@gmail.com         | Book1 | Family     |
+----+------------+-----------+-------------------------+-----------+-------------+--------+--------------+-----------------------+-------+------------+
4 rows in set (0.00 sec)

mysql> CREATE TABLE address_book(
    -> book_id INT unsigned NOT NULL AUTO_INCREMENT,
    -> book_name VARCHAR(50) NOT NULL,
    -> PRIMARY KEY(book_id));
Query OK, 0 rows affected (0.01 sec)

mysql>
mysql> CREATE TABLE type(
    -> type_id INT unsigned NOT NULL AUTO_INCREMENT,
    -> type_name VARCHAR(50) NOT NULL,
    -> PRIMARY KEY(type_id));
Query OK, 0 rows affected (0.01 sec)

mysql>
mysql> CREATE TABLE contact(
    -> contact_id INT unsigned NOT NULL AUTO_INCREMENT,
    -> first_name VARCHAR(50) NOT NULL,
    -> last_name VARCHAR(50) NOT NULL,
    -> phone_number BIGINT,
    -> email VARCHAR(320),
    -> address_book_id INT unsigned,
    -> PRIMARY KEY (contact_id),
    -> FOREIGN KEY (address_book_id) REFERENCES address_book(book_id) ON DELETE SET NULL ON UPDATE CASCADE);
Query OK, 0 rows affected (0.02 sec)

mysql>
mysql> CREATE TABLE contact_type(
    -> contact_id INT unsigned NOT NULL,
    -> type_id INT unsigned NOT NULL,
    -> PRIMARY KEY (contact_id,type_id),
    -> FOREIGN KEY (contact_id) REFERENCES contact(contact_id) ON DELETE CASCADE ON UPDATE CASCADE,
    -> FOREIGN KEY (type_id) REFERENCES type(type_id) ON DELETE CASCADE ON UPDATE CASCADE);
Query OK, 0 rows affected (0.01 sec)

mysql>
mysql> CREATE TABLE address(
    -> address_id INT NOT NULL AUTO_INCREMENT,
    -> contact_id INT unsigned NOT NULL,
    -> address VARCHAR(200) NOT NULL, city VARCHAR(30),
    -> state VARCHAR(30),
    -> zip INT unsigned,
    -> PRIMARY KEY (address_id),
    -> FOREIGN KEY (contact_id) REFERENCES contact(contact_id) ON DELETE CASCADE ON UPDATE CASCADE);
Query OK, 0 rows affected (0.01 sec)

mysql>
mysql> INSERT INTO  address_book (book_name) VALUES("Book1"),("Book2");
Query OK, 2 rows affected (0.00 sec)
Records: 2  Duplicates: 0  Warnings: 0

mysql>
mysql> SELECT * FROM address_book;
+---------+-----------+
| book_id | book_name |
+---------+-----------+
|       1 | Book1     |
|       2 | Book2     |
+---------+-----------+
2 rows in set (0.00 sec)

mysql>
mysql> INSERT INTO  type (type_name) VALUES("Family"),("Friends"),("Profession");
Query OK, 3 rows affected (0.00 sec)
Records: 3  Duplicates: 0  Warnings: 0

mysql>
mysql> SELECT * FROM type;
+---------+------------+
| type_id | type_name  |
+---------+------------+
|       1 | Family     |
|       2 | Friends    |
|       3 | Profession |
+---------+------------+
3 rows in set (0.00 sec)

mysql>
mysql> SELECT * FROM type WHERE type_name = "Family";
+---------+-----------+
| type_id | type_name |
+---------+-----------+
|       1 | Family    |
+---------+-----------+
1 row in set (0.00 sec)

mysql>
mysql> INSERT INTO  contact(first_name, last_name, phone_number, email, address_book_id) VALUES
    -> ("Rajat","S P",8934267543,"raj@gmail.com",1),
    -> ("Hemanth","Kumar",8937856774,"hemanthk@gmail.com",2),
    -> ("Anjali","Verma",8937126754,"anjaliverma@gmail.com",1);
Query OK, 3 rows affected (0.01 sec)
Records: 3  Duplicates: 0  Warnings: 0

mysql>
mysql> SELECT * FROM contact;
+------------+------------+-----------+--------------+-----------------------+-----------------+
| contact_id | first_name | last_name | phone_number | email                 | address_book_id |
+------------+------------+-----------+--------------+-----------------------+-----------------+
|          1 | Rajat      | S P       |   8934267543 | raj@gmail.com         |               1 |
|          2 | Hemanth    | Kumar     |   8937856774 | hemanthk@gmail.com    |               2 |
|          3 | Anjali     | Verma     |   8937126754 | anjaliverma@gmail.com |               1 |
+------------+------------+-----------+--------------+-----------------------+-----------------+
3 rows in set (0.00 sec)

mysql>
mysql> INSERT INTO address(contact_id, address, city, state, zip) VALUES
    -> (1,"2nd Cross, HosaRoad","Bangalore","KARNATAKA",560100),
    -> (2,"2nd Street, Andheri", "Mumbai", "Maharashtra", 530160),
    -> (3,"5th Cross, Malleshwaram","Bangalore","Karnataka",730160);
Query OK, 3 rows affected (0.01 sec)
Records: 3  Duplicates: 0  Warnings: 0

mysql>
mysql> SELECT * FROM address;
+------------+------------+-------------------------+-----------+-------------+--------+
| address_id | contact_id | address                 | city      | state       | zip    |
+------------+------------+-------------------------+-----------+-------------+--------+
|          1 |          1 | 2nd Cross, HosaRoad     | Bangalore | KARNATAKA   | 560100 |
|          2 |          2 | 2nd Street, Andheri     | Mumbai    | Maharashtra | 530160 |
|          3 |          3 | 5th Cross, Malleshwaram | Bangalore | Karnataka   | 730160 |
+------------+------------+-------------------------+-----------+-------------+--------+
3 rows in set (0.00 sec)

mysql>
mysql> INSERT INTO contact_type VALUES
    -> (1,1),
    -> (1,2),
    -> (2,3),
    -> (3,2);
Query OK, 4 rows affected (0.00 sec)
Records: 4  Duplicates: 0  Warnings: 0

mysql>
mysql> SELECT * FROM contact_type;
+------------+---------+
| contact_id | type_id |
+------------+---------+
|          1 |       1 |
|          1 |       2 |
|          3 |       2 |
|          2 |       3 |
+------------+---------+
4 rows in set (0.00 sec)

mysql>
mysql> SELECT first_name , last_name , city
    -> FROM contact c NATURAL JOIN address
    -> WHERE CITY = "Bangalore";
+------------+-----------+-----------+
| first_name | last_name | city      |
+------------+-----------+-----------+
| Rajat      | S P       | Bangalore |
| Anjali     | Verma     | Bangalore |
+------------+-----------+-----------+
2 rows in set (0.00 sec)

mysql>
mysql> SELECT COUNT(*)
    -> FROM contact NATURAL JOIN address
    -> WHERE city = "Bangalore" AND state = "Karnataka";
+----------+
| COUNT(*) |
+----------+
|        2 |
+----------+
1 row in set (0.00 sec)

mysql>
mysql> SELECT * FROM contact NATURAL JOIN address
    -> WHERE city = "Bangalore"
    -> ORDER BY first_name, last_name;
+------------+------------+-----------+--------------+-----------------------+-----------------+------------+-------------------------+-----------+-----------+--------+
| contact_id | first_name | last_name | phone_number | email                 | address_book_id | address_id | address                 | city      | state     | zip    |
+------------+------------+-----------+--------------+-----------------------+-----------------+------------+-------------------------+-----------+-----------+--------+
|          3 | Anjali     | Verma     |   8937126754 | anjaliverma@gmail.com |               1 |          3 | 5th Cross, Malleshwaram | Bangalore | Karnataka | 730160 |
|          1 | Rajat      | S P       |   8934267543 | raj@gmail.com         |               1 |          1 | 2nd Cross, HosaRoad     | Bangalore | KARNATAKA | 560100 |
+------------+------------+-----------+--------------+-----------------------+-----------------+------------+-------------------------+-----------+-----------+--------+
2 rows in set (0.00 sec)

mysql>
mysql> SELECT type_name, COUNT(*)
    -> FROM contact_type c NATURAL JOIN type
    -> GROUP BY (c.type_id);
+------------+----------+
| type_name  | COUNT(*) |
+------------+----------+
| Family     |        1 |
| Friends    |        2 |
| Profession |        1 |
+------------+----------+
3 rows in set (0.00 sec)
